value
"EmployeeID,EmployeeName,CPNumber,CPType,Amount"
"1000A,Krithika,100,Food,1000"
"2000B,John,80,Recharge,900"
"3000A,Joe,85,Shopping,5000"
"4000C,Ram,80,Gym,2000"
"5000A,Sunil,88,Recharge,900"
"6000B,Raghu,90,Food,1000"
"7000C,Rahul,100,Gym,2000"
"8000B,Amit,78,Shopping,5000"
"9000A,Nitin,89,Food,1000"
"1000D,Ritu,76,Gym,2000"
"1100B,Ragin,100,Recharge,900"
"1200D,Lata,80,Shopping,5000"
"1300C,Mati,85,Shopping,5000"
"1400A,Divya,80,Recharge,900"
"1500B,Shena,88,Gym,2000"
"1600D,Rani,90,Food,1000"
"1700B,Luther,100,Shopping,5000"
"1800A,Davis,78,Food,1000"
"1900D,Klaus,89,Food,1000"
"2000B,Nora,76,Recharge,900"
""
